experiment_name,analysis_note,t_bg,t_vg,p_mAP_proxy,fps,speed_ratio,average_sliding_step,skipped_window_ratio,average_delay_seconds,cache_hit_rate
b3_litevt_flex,T_vg sensitivity,0.95,8.0,0.6593333333333333,38.0,8.837209302325581,6.333333333333333,0.6666666666666666,2.6666666666666665,0.0
b3_litevt_flex,T_vg sensitivity,0.95,12.0,0.6693333333333333,38.0,8.837209302325581,6.333333333333333,0.6666666666666666,2.6666666666666665,0.0
b3_litevt_flex,T_vg sensitivity,0.95,16.0,0.6593333333333333,38.0,8.837209302325581,6.333333333333333,0.6666666666666666,2.6666666666666665,0.0
